Authors,Title,Year,Source title,Volume,Issue,Art. No.,Page start,Page end,Page count,Cited by,DOI,Link,Author Keywords,Index Keywords
"Sinambela R., Mandang T., Subrata I.D.M., Hermawan W.","Application of an inductive sensor system for identifying ripeness and forecasting harvest time of oil palm",2020,"Scientia Horticulturae","265",,"109231","","",,7,"10.1016/j.scienta.2020.109231","https://www.scopus.com/inward/record.uri?eid=2-s2.0-85078452058&doi=10.1016%2fj.scienta.2020.109231&partnerID=40&md5=5b2fdf44499442c62982375dbfacbbbd","Discriminant analysis; Inductive sensor; Oil palm ripeness; Polynomial regression","discriminant analysis; fruit production; harvesting; numerical method; profitability; regression analysis; ripening; sensor; vegetable oil; Elaeis"
"Misron N., Aliteh N.A., Harun N.H., Tashiro K., Sato T., Wakiwaka H.","Relative estimation of water content for flat-type inductive-based oil palm fruit maturity sensor",2017,"Sensors (Switzerland)","17","1",,"","",,9,"10.3390/s17010052","https://www.scopus.com/inward/record.uri?eid=2-s2.0-85007574614&doi=10.3390%2fs17010052&partnerID=40&md5=3a6bff0fb2e7261c476a2952fa1da86e","Air coil; Inductive concept; Maturity classification; Moisture content; Oil palm; Resonance frequency","Fruits; Inductive sensors; Moisture; Moisture determination; Natural frequencies; Resonance; Inductive concept; Inductive method; Linear relationships; Oil palm; Oil palm fruits; Relative estimation; Resonance frequencies; Resonant frequency technique; Palm oil; Arecaceae; chemistry; devices; fruit; genetic procedures; physiology; procedures; resonance frequency analysis; Arecaceae; Biosensing Techniques; Fruit; Resonance Frequency Analysis"
"Harun N.H., Misron N., Sidek R.M., Aris I., Wakiwaka H., Tashiro K.","Dual resonant frequencies effects on an induction-based oil palm fruit sensor",2014,"Sensors (Switzerland)","14","11",,"21923","21940",,5,"10.3390/s141121923","https://www.scopus.com/inward/record.uri?eid=2-s2.0-84912018688&doi=10.3390%2fs141121923&partnerID=40&md5=c13e9654efba76e2796ba2af28a3f7bc","Air coil; Frequency characteristics; Induction; Inductive concepts; Maturity classification; Oil palm; Resonant frequency","Fruits; Grading; Inductive sensors; Natural frequencies; Oil shale; Comparative analysis; Comparative studies; Conventional methods; Frequency characteristic; Induction; Inductive concepts; Malaysian palm oil boards; Oil palm; Palm oil"
"Misron N., Harun N.H., Lee Y.K., Sidek R.M., Aris I., Wakiwaka H., Tashiro K.","Improvement in sensitivity of an inductive oil palm fruit sensor",2014,"Sensors (Switzerland)","14","2",,"2431","2448",,8,"10.3390/s140202431","https://www.scopus.com/inward/record.uri?eid=2-s2.0-84893286586&doi=10.3390%2fs140202431&partnerID=40&md5=d99e549445ee9da0684ad3a66b179d52","Air coil; Frequency characteristics; Inductive; Inductive concepts; Maturity classification; Oil palm; Resonant frequency","Detection methods; Frequency characteristic; Inductive; Inductive concepts; Oil palm; Ripening process; Sensitivity difference; Visual inspection; Fruits; Inductive sensors; Natural frequencies; Sensors; Palm oil"
"Aliteh N.A., Misron N., Aris I., Sidek R.M., Tashiro K., Wakiwaka H.","Triple flat-type inductive-based oil palm fruit maturity sensor",2018,"Sensors (Switzerland)","18","8","2496","","",,4,"10.3390/s18082496","https://www.scopus.com/inward/record.uri?eid=2-s2.0-85052140678&doi=10.3390%2fs18082496&partnerID=40&md5=6ffc4c93f341613cf6c421f7ca8cea9d","Air coil; Inductive concept; Maturity classification; Moisture content; Oil palm; Resonance frequency","Capacitance; Fruits; Inductive sensors; Moisture; Natural frequencies; Capacitance change; Coefficient of variation; Inductive concept; Inductive elements; Oil palm; Oil palm fruits; Resonance frequencies; Standard deviation; Palm oil"
"Harun N.H., Misron N., Sidek R.M., Aris I., Ahmad D., Wakiwaka H., Tashiro K.","Investigations on a novel inductive concept frequency technique for the grading of oil palm fresh fruit bunches",2013,"Sensors (Switzerland)","13","2",,"2254","2266",,18,"10.3390/s130202254","https://www.scopus.com/inward/record.uri?eid=2-s2.0-84875179916&doi=10.3390%2fs130202254&partnerID=40&md5=c63342a5c9b5e4f210df5e883f63bc5d","Air coil; Frequency characteristics; Inductive; Inductive concepts; Maturity classification; Oil palm; Resonant frequency","Critical factors; Frequency characteristic; Frequency techniques; Inductive; Inductive concepts; Oil palm; Preliminary studies; Resonant characteristics; Fruits; Inductance; Natural frequencies; Sensors; Palm oil; palm oil; vegetable oil; agriculture; air; Arecaceae; article; chemistry; equipment; fruit; growth, development and aging; methodology; Agriculture; Air; Arecaceae; Fruit; Plant Oils"
"Yeow Y.K., Abbas Z., Khalid K.","Application of microwave moisture sensor for determination of oil palm fruit ripeness",2010,"Measurement Science Review","10","1",,"7","14",,49,"10.2478/v10048-010-0002-x","https://www.scopus.com/inward/record.uri?eid=2-s2.0-77249095470&doi=10.2478%2fv10048-010-0002-x&partnerID=40&md5=4a0f3b25ae86013738f95a734d69287f","Dielectric constant; Microwave sensors; Moisture content; Oil palm fruits; Reflection coefficient; Vector network analyzer",
"Hudzari R.M., Ishak W.W.W., Noorman M.M.","Parameter acceptance of software development for oil palm fruit maturity prediction",2010,"Journal of Software Engineering","4","3",,"244","256",,17,"10.3923/jse.2010.244.256","https://www.scopus.com/inward/record.uri?eid=2-s2.0-78049314888&doi=10.3923%2fjse.2010.244.256&partnerID=40&md5=09ccdc1cc98c7c5d66f691af445a4c82","Color meter; Color recognition; Non-contact measurement; Oil palm maturity prediction; RGB pixel values","Color bands; Color recognition; Data-logging; Elaeis guineensis; Fruit ripeness; Image processing and analysis; Light intensity; Light meters; MicroSoft; Non-contact measurement technique; Noncontact measurements; Oil contents; Oil palm; Oil palm fruits; Physical measurement; RGB pixel values; Software development; Unripe fruits; Visual Basic 6.0; Color; Forecasting; Image processing; Instruments; Pixels; Software design; Fruits"
"Aliteh N.A., Minakata K., Tashiro K., Wakiwaka H., Kobayashi K., Nagata H., Misron N.","Fruit battery method for oil palm fruit ripeness sensor and comparison with computer vision method",2020,"Sensors (Switzerland)","20","3","637","","",,1,"10.3390/s20030637","https://www.scopus.com/inward/record.uri?eid=2-s2.0-85078221740&doi=10.3390%2fs20030637&partnerID=40&md5=327c8f143c878ae61c6c6dd222117e0a","Color feature; Fruit battery method; Load resistance voltage; Moisture content; Oil palm; SVM","Electric batteries; Fruits; Moisture; Moisture determination; Palm oil; Support vector machines; Color features; Combination method; Fresh fruits; Load resistances; Oil extraction rates; Oil palm; Oil palm fruits; Resistance values; Computer vision"
"Quan G.J., Shariff A.R.B.M., Nawi N.M.","Grading of maturity of oil palm fruit based on visible and NIR band",2020,"ACRS 2020 - 41st Asian Conference on Remote Sensing",,,,"","",,,,"https://www.scopus.com/inward/record.uri?eid=2-s2.0-85107184877&partnerID=40&md5=b6140d5c38cc8a3a923c6c41c8961085","Maturity; Oil palm; OPRiD; Ripeness; Spectrometer","Decision making; Fruits; Grading; Learning algorithms; Light sources; Machine learning; Remote sensing; Uranium metallography; Vanadium metallography; Vegetation; Classification results; Decision makers; Hardware engineers; Optical spectrometers; Overall accuracies; Public and private sector; Three categories; Vegetation index; Palm oil"
"Khalid K., Ghretli M.M., Abbas Z., Grozescu I.V.","Development of planar microwave moisture sensors for hevea rubber latex and oil palm fruits",2006,"2006 International RF and Microwave Conference, (RFM) Proceedings",,,"4133542","10","15",,15,"10.1109/RFM.2006.331027","https://www.scopus.com/inward/record.uri?eid=2-s2.0-46249124368&doi=10.1109%2fRFM.2006.331027&partnerID=40&md5=67e125a78fed5d88e3af156d7a4db175","Latexometer; Moisture content; Moisture sensor","Antenna accessories; Ceramic capacitors; Control theory; Detectors; Dielectric losses; Fruit juices; Fruits; Latexes; Microstrip antennas; Microwave antennas; Microwaves; Military data processing; Moisture; Moisture control; Moisture determination; Moisture meters; Production control; Rubber; Sensors; (e ,3e) process; (Hi-Bi) waveguide; Dielectric constants; Fruit ripeness; International (CO); Microstrip (MSL); Microwave moisture; Microwave reflection; Moisture content (MC); Moisture sensors; Oil contents; Oil palm; Oil palm fruits; Planar structures; Rubber latexes; Sensor designs; State of the arts; Agricultural products"
"You K.Y., Wee F.H., Lee Y.S., Abbas Z., Lee K.Y., Cheng E.M., Khe C.S., Jamlos M.F.","A Review of Oil Palm Fruit Ripeness Monitoring Using Microwave Techniques in Malaysia",2020,"IOP Conference Series: Materials Science and Engineering","767","1","012007","","",,1,"10.1088/1757-899X/767/1/012007","https://www.scopus.com/inward/record.uri?eid=2-s2.0-85083116712&doi=10.1088%2f1757-899X%2f767%2f1%2f012007&partnerID=40&md5=fb6370d3357683d59823bb20b871db2b",,
"Saeed O.M.B., Sankaran S., Shariff A.R.M., Shafri H.Z.M., Ehsani R., Alfatni M.S., Hazir M.H.M.","Classification of oil palm fresh fruit bunches based on their maturity using portable four-band sensor system",2012,"Computers and Electronics in Agriculture","82",,,"55","60",,67,"10.1016/j.compag.2011.12.010","https://www.scopus.com/inward/record.uri?eid=2-s2.0-84855993122&doi=10.1016%2fj.compag.2011.12.010&partnerID=40&md5=1f21523a5d7f456c1f5b0cd8ac77c57d","Classification; Fruit maturity; Oil palm fresh fruit bunches; Optical sensing; Visible-near infrared sensor","Active optical sensors; Classification accuracy; Critical factors; Field conditions; Fresh fruits; Fruit maturity; In-field; Mahalanobis distances; Multiband; Oil palm; Optical sensing; Palm oil; Quadratic discriminant analysis; Reflectance data; Sensor systems; Spectral band; Spectral feature; Spectral reflectances; Vegetation index; Visible-near infrared sensor; Classification (of information); Discriminant analysis; Infrared detectors; Reflection; Sensors; Teaching; Vegetable oils; Fruits; accuracy assessment; agricultural application; agricultural technology; classification; discriminant analysis; evergreen tree; fruit; maturation; near infrared; optical instrument; sensor; spectral analysis; vegetable oil; vegetation index; Elaeis"
"Misron N., Azhar N.S.K., Hamidon M.N., Aris I., Tashiro K., Nagata H.","Fruit battery with charging concept for oil palm maturity sensor",2020,"Sensors (Switzerland)","20","1","226","","",,2,"10.3390/s20010226","https://www.scopus.com/inward/record.uri?eid=2-s2.0-85077509021&doi=10.3390%2fs20010226&partnerID=40&md5=8d7be0fb4d51d9a96f33378ff0176e07","Fruit battery; Fruit maturity; Load voltage; Moisture content; Oil palm; Sensor","Fruits; Grading; Moisture; Moisture determination; Palm oil; Secondary batteries; Sensors; Charging process; Current practices; Evaluation results; Fruit maturity; Load voltages; Oil extraction rates; Oil palm; Visual inspection; Charging (batteries)"
"Brezmes J., Fructuoso Ma.L.L., Llobet E., Vilanova X., Recasens I., Orts J., Saiz G., Correig X.","Evaluation of an electronic nose to assess fruit ripeness",2005,"IEEE Sensors Journal","5","1",,"97","108",,88,"10.1109/JSEN.2004.837495","https://www.scopus.com/inward/record.uri?eid=2-s2.0-13244267204&doi=10.1109%2fJSEN.2004.837495&partnerID=40&md5=849a56f62636cf074bb9485a50e7ba0b","Electronic nose; Fruit ripeness; Neural networks; Pattern recognition","Algorithms; Chemical sensors; Cold storage; Neural networks; Nondestructive examination; Pattern recognition; Principal component analysis; Signal processing; Electronic nose; Fruit quality; Fruit ripeness; Signal processing algorithms; Fruits; Algorithms; Cold Storage; Fruits; Neural Networks; Nondestructive Tests; Pattern Recognition; Sensors"
"Bhatnagar S., Gordon M., Hall C., Hernandez D., MacLean A., Picone M., Purdy T., Sim H., Tissot G., Hu A.-P.","NIR-based fruit ripeness sensor embodiments using low-cost LEDs and photodiodes",2019,"2019 ASABE Annual International Meeting",,,,"","",,1,"10.13031/aim.201900580","https://www.scopus.com/inward/record.uri?eid=2-s2.0-85084014870&doi=10.13031%2faim.201900580&partnerID=40&md5=cbb8830b440a7b5f5a95199fb927861a","Agricultural robotics; Fruit ripeness; Low-cost sensors","Costs; Graphical user interfaces; Infrared devices; Light emitting diodes; Photodiodes; Agricultural robotics; Calibration and measurements; Fruit ripeness; Low-cost sensors; Probe configuration; Spectral modifications; Stand-alone devices; Usage scenarios; Fruits"
"Tantanawat T., Srimongkol S., Yuttawiriya R., Haewchin A., Sangkapes T., Hattha E.","Development of a method for measuring oil content in oil palm mesocarp using a single-outlet piston press: a feasibility study",2020,"Journal of Food Measurement and Characterization","14","1",,"207","219",,,"10.1007/s11694-019-00282-6","https://www.scopus.com/inward/record.uri?eid=2-s2.0-85074576468&doi=10.1007%2fs11694-019-00282-6&partnerID=40&md5=947d893f361cae92b0cb8a36197821a8","Mesocarp; Oil content; Oil palm; Quality; Ripeness","Calibration; Design of experiments; Extraction; Image quality; Pistons; Presses (machine tools); Calibration equations; Full factorial design; Measurement precision; Mechanical extraction; Mesocarp; Oil contents; Oil palm; Ripeness; Palm oil"
"Wang L.-Y., Zhang D.-X., Zhang H.-J., Wang X.-P.","Measurement of fruit maturity based on laser-induced photoluminescence spectrum",2008,"Guang Pu Xue Yu Guang Pu Fen Xi/Spectroscopy and Spectral Analysis","28","12",,"2772","2776",,3,,"https://www.scopus.com/inward/record.uri?eid=2-s2.0-58149178634&partnerID=40&md5=0bda73f25b23a6b0cb2f060678f721db","Fruit maturity; Laser-induced photoluminescence; Partial least-squares; Spectral analysis; Sugar content measurement","Agricultural products; Computational fluid dynamics; Correlation methods; Curve fitting; Electric conductivity; Fruit juices; Fruits; Heterojunctions; Lasers; Light emission; Luminescence; Measurements; Photoluminescence; Semiconductor materials; Space probes; Spectrum analysis; Spectrum analyzers; Sugar (sucrose); Sugars; Time measurement; Bio photonics; Correlation coefficients; Fibre-optics; Fitted values; Fruit ripenesses; Linear relationships; Measurement based; Measurement systems; Nondestructive; Optical spectrometers; Partial least-squares; Peak values; Photoluminescence intensities; Photoluminescence measurements; Photoluminescence spectrums; Relative intensities; Spectral analysis; Sugar content measurement; Two parameters; Semiconductor lasers; article; fruit; instrumentation; laser; luminescence; physiology; spectroscopy; Fruit; Lasers; Luminescent Measurements; Spectrum Analysis"
"Abdul Aziz A.H., Abuzar S.A., Azol M.E., Che Rose N.H., Mohmad R.L.","Test Frequency Optimization Using Single Factor ANOVA for Capacitive Oil Palm Fruit Ripeness Sensor",2020,"IOP Conference Series: Materials Science and Engineering","932","1","012073","","",,,"10.1088/1757-899X/932/1/012073","https://www.scopus.com/inward/record.uri?eid=2-s2.0-85098484833&doi=10.1088%2f1757-899X%2f932%2f1%2f012073&partnerID=40&md5=07d086bb91279ac07d2ed6ecc90c47f2",,
"Cheng E.M., Abbas Z., AbdulMalek M., Lee K.Y., You K.Y., Khor S.F., Hassan J., Zainuddin H.","Finite difference analysis of an open-ended, coaxial sensor made of semi-rigid coaxial cable for determination of moisture in tenera oil palm fruit",2016,"Applied Computational Electromagnetics Society Journal","31","10",,"1181","1192",,3,,"https://www.scopus.com/inward/record.uri?eid=2-s2.0-84989172860&partnerID=40&md5=cbbc0cd1e7eaee84b2501d905eba7bae","Finite difference method; Index terms-; Moisture content; Oil palm fruit; Open-ended coaxial sensor; Reflection coefficient","Electric network analyzers; Finite difference method; Fruits; Moisture; Moisture determination; Reflection; Different moisture contents; Finite-difference analysis; Finitedifference methods (FDM); Index terms; Oil palm fruits; Open-ended coaxial sensors; Reflection coefficient measurement; Vector network analyzers; Palm oil"
"Hale G., Lopresti J., Stefanelli D., Jones R., Bonora L.","Using non-destructive methods to correlate chilling injury in nectarines with fruit maturity",2013,"Acta Horticulturae","1012",,,"83","90",,9,"10.17660/actahortic.2013.1012.4","https://www.scopus.com/inward/record.uri?eid=2-s2.0-84889045111&doi=10.17660%2factahortic.2013.1012.4&partnerID=40&md5=7edac7a5c8d200ebcd2e691829644f20","Cold storage; Ethylene; Firmness; Maturity stages; Stone fruit","Prunus persica nucipersica"
"Zulhusin, Aziz A.H.A., Ahmad R.B.","Feasibility study of a non-destructive fruit maturity testing system on banana utilizing capacitive properties",2008,"2008 International Conference on Electronic Design, ICED 2008",,,"4786768","","",,6,"10.1109/ICED.2008.4786768","https://www.scopus.com/inward/record.uri?eid=2-s2.0-63649118275&doi=10.1109%2fICED.2008.4786768&partnerID=40&md5=5b806072396807d7e676fb60442a5a66","Capacitive and maturity; Dielectric","Automatic indexing; Decision making; Dielectric materials; Nondestructive examination; Planning; Resource allocation; Retail stores; Automatic classifications; Capacitive and maturity; Classifier systems; Dielectric; Feasibility studies; Human experts; Measurement methods; Measuring techniques; Non-destructive; Parallel-plate capacitors; Testing systems; Variant methods; Fruits"
"Abbas Z., Yeow Y.K., Shaari A.H., Khalid K., Hassan J., Saion E.","Complex permittivity and moisture measurements of oil palm fruits using an open-ended coaxial sensor",2005,"IEEE Sensors Journal","5","6",,"1281","1287",,50,"10.1109/JSEN.2005.859249","https://www.scopus.com/inward/record.uri?eid=2-s2.0-29044441315&doi=10.1109%2fJSEN.2005.859249&partnerID=40&md5=0cf35529738eef241e02b8e72c5cb703","Coaxial sensor; Microwave; Moisture content; Network analyzer; Permittivity","Coaxial sensors; Network analyzer; Fruits; Microwaves; Moisture; Oils and fats; Permittivity measurement; Chemical sensors; Dielectric Constant; Fats; Fruits; Microwaves; Moisture; Oil; Sensors"
"Mallick M., Minhaz Hossain S., Das J.","Graphene Oxide Based Fruit Ripeness Sensing e-Nose",2018,"Materials Today: Proceedings","5","3",,"9866","9870",,3,"10.1016/j.matpr.2017.10.179","https://www.scopus.com/inward/record.uri?eid=2-s2.0-85047186534&doi=10.1016%2fj.matpr.2017.10.179&partnerID=40&md5=752dcd87178b402c6e187ae9cda37e36","C2H4 gas sensor; Fruit ripeness sensor; Graphene oxide",
"Haniff M.H., Ibrahim A., Nur Maisarah J., Nuramanina S., Hasimah M., Afifah A.R., Yusup Y.","Influence of eddy covariance sensor height above the oil palm canopy on CO2 and energy fluxes",2018,"Journal of Oil Palm Research","30","1",,"94","100",,,,"https://www.scopus.com/inward/record.uri?eid=2-s2.0-85045894388&partnerID=40&md5=fbddc51ef8bc10f31f003609264ed581","CO2 fluxes; Eddy covariance; Energy balance; Oil palm",
"Khudri N.A.F.R.S., Mohd Masri M.M., Maidin M.S.T., Kamarudin N., Hussain M.H., Abd Ghani I., Jalinas J.","Preliminary evaluation of acoustic sensors for early detection of red palm weevil, Rhynchophorus ferrugineus incidence on oil palm and coconut in Malaysia",2021,"International Journal of Tropical Insect Science",,,,"","",,,"10.1007/s42690-021-00499-3","https://www.scopus.com/inward/record.uri?eid=2-s2.0-85103040173&doi=10.1007%2fs42690-021-00499-3&partnerID=40&md5=4ac97a1df7172d8b3d72e717da9d4db0","Coconut; Insect pest; Oil palm; Red palm weevil; Sensor",
"Ahmad A.F., Abbas Z., Abrass H.A., You K.Y.","Optimum design of a microstrip ring resonator sensor to determine the moisture content in oil palm fruits and seeds",2019,"BioResources","14","1",,"1819","1837",,3,"10.15376/biores.14.1.1819-1837","https://www.scopus.com/inward/record.uri?eid=2-s2.0-85061326616&doi=10.15376%2fbiores.14.1.1819-1837&partnerID=40&md5=772df42d284ca88cb80c0cdd1fed7c55","Microstrip ring; Microwave; Moisture content; Network analyzer; Oil palm","Electric network analyzers; Electromagnetic fields; Fruits; Microwaves; Moisture; Moisture determination; Optical resonators; Automated detection; Coaxial feeders; Conventional methods; Measurement system; Microstrip ring; Microstrip ring resonator; Oil palm; Optimum designs; Palm oil"
"Benedetti S., Buratti S., Mannino S.","Detecting of fruit ripeness in the orchard, packing house and retail store of the future",2009,"AIP Conference Proceedings","1137",,,"430","431",,,"10.1063/1.3156572","https://www.scopus.com/inward/record.uri?eid=2-s2.0-70450121925&doi=10.1063%2f1.3156572&partnerID=40&md5=dc2e558a28851d6807cec750015dfa9a","Climacteric and non climacteric fruit; Electronic nose; Ripeness.",
"Aziz A.H.A., Ismail A.H., Ahmad R.B., Isa C.M.N.C., Farook R.S.M., Husin Z., Ezanuddin A.A.M., Shakaff A.Y.Md.","Design of a capacitive sensor for oil palm fresh fruit bunch maturity grading",2011,"2014 2nd International Conference on Electronic Design, ICED 2014",,,"7015846","443","445",,4,"10.1109/ICED.2014.7015846","https://www.scopus.com/inward/record.uri?eid=2-s2.0-84949924480&doi=10.1109%2fICED.2014.7015846&partnerID=40&md5=bec959b848754c98391cb5956d412d28","capacitive sensor; dielectric sensor; FFB grading; palm oil maturity","Dielectric devices; Dielectric materials; Fruits; Grading; Oil shale; Palm oil; Automatic grading; Capacitance voltage; Capacitive plate; Capacitive response; Capacitive sensing; Dielectric sensors; Fresh fruits; Sinusoidal frequency; Capacitive sensors"
"Tan S., Zhang L., Yang J.","Sensing fruit ripeness using wireless signals",2018,"Proceedings - International Conference on Computer Communications and Networks, ICCCN","2018-July",,"8487344","","",,4,"10.1109/ICCCN.2018.8487344","https://www.scopus.com/inward/record.uri?eid=2-s2.0-85060479293&doi=10.1109%2fICCCN.2018.8487344&partnerID=40&md5=d391f3c0232a42420ceab4c980cf8873",,"Physiology; Wireless local area networks (WLAN); Fruit ripeness; Fruit ripening; Independent signals; Multi-path environments; Non destructive; Sensing systems; Wi-Fi signals; Wireless signals; Fruits"
"Hazir M.H.M., Shariff A.R.M., Amiruddin M.D.","Determination of oil palm fresh fruit bunch ripeness-Based on flavonoids and anthocyanin content",2012,"Industrial Crops and Products","36","1",,"466","475",,36,"10.1016/j.indcrop.2011.10.020","https://www.scopus.com/inward/record.uri?eid=2-s2.0-82155187157&doi=10.1016%2fj.indcrop.2011.10.020&partnerID=40&md5=88337963e20a35641bfd1a536e8a5b1f","Anthocyanins; Classification analysis; Flavonoids; Grading system; Oil palm FFB","Anthocyanin content; Classification accuracy; Classification analysis; Classification methods; Fluorescence sensors; Fresh fruits; Grading system; Malaysia; Mature oil; Multiparameters; Non destructive; Oil extraction; Oil palm; Palm oil; Stochastic gradient; Anthocyanins; Correlation methods; Flavonoids; Fruits; Real time systems; Research; Stochastic models; Vegetable oils; Analysis of variance (ANOVA); accuracy assessment; antioxidant; cost-benefit analysis; fruit; labor market; monocotyledon; plantation; real time; variance analysis; vegetable oil; Malaysia; Elaeis"
"Culman M., Portocarrero J.M.T., Guerrero C.D., Bayona C., Torres J.L., De Farias C.M.","PalmNET: An open-source wireless sensor network for oil palm plantations",2017,"Proceedings of the 2017 IEEE 14th International Conference on Networking, Sensing and Control, ICNSC 2017",,,"8000190","783","788",,4,"10.1109/ICNSC.2017.8000190","https://www.scopus.com/inward/record.uri?eid=2-s2.0-85028514099&doi=10.1109%2fICNSC.2017.8000190&partnerID=40&md5=e1f3f438f5dd4d72b0be0b1d4b632b6c",,"Data visualization; Gateways (computer networks); Moisture; Open source software; Open systems; Palm oil; Sensor nodes; Soil moisture; Soils; Solar energy; Web services; Wireless sensor networks; Zigbee; Monitoring system; Oil palm plantations; Open sources; Open-source hardwares; Proof of concept; Solar-powered; WEB application; ZigBee networks; Soil surveys"
"Ljubobratović D., Zhang G., Bakarić M.B., Jemrić T., Matetić M.","Predicting peach fruit ripeness using explainable machine learning",2020,"Annals of DAAAM and Proceedings of the International DAAAM Symposium","31","1",,"717","723",,,"10.2507/31st.daaam.proceedings.099","https://www.scopus.com/inward/record.uri?eid=2-s2.0-85098107458&doi=10.2507%2f31st.daaam.proceedings.099&partnerID=40&md5=56271af4be1ef3205d526dd323433aa9","Explainable machine learning; Interpretability; Peach impedance; Predicting fruit ripeness","Data handling; Information analysis; Machine learning; Black-box model; Domain experts; Fruit ripeness; Interpretability; Machine learning methods; Machine learning models; Modeling behavior; Variable importances; Fruits"
"Hartzell D., Seelan S.K., Bolick L.","Monitoring oil-palm and other threats to Tanjung Puting National Park, Indonesia, with synthetic aperture radar",2009,"60th International Astronautical Congress 2009, IAC 2009","3",,,"2557","2564",,1,,"https://www.scopus.com/inward/record.uri?eid=2-s2.0-77953512047&partnerID=40&md5=3d84ed52c784d200b821e6f7aa1ea9db",,"Analysis method; Buffer zones; Indonesia; Managed forest; National parks; Optical imagery; SAR sensors; Sensor data; Sensor modes; Deforestation; Imaging systems; Microwave sensors; Monitoring; Parks; Radar; Synthetic apertures; Synthetic aperture radar; Deforestation; Image Analysis; Monitoring; Radar; Sensors"
"Mavi M.F., Husin Z., Badlishah Ahmad R., Yacob Y.M., Farook R.S.M., Tan W.K.","Mango ripeness classification system using hybrid technique",2019,"Indonesian Journal of Electrical Engineering and Computer Science","14","2",,"859","868",,2,"10.11591/ijeecs.v14.i2.pp859-868","https://www.scopus.com/inward/record.uri?eid=2-s2.0-85062550067&doi=10.11591%2fijeecs.v14.i2.pp859-868&partnerID=40&md5=efde6baaaf1b952d1376bf776b5abdfa","Fruit ripeness; Hybrid/ combination technique; Image processing; Odour sensing; SVM",
"Utom S.L., Mohamad E.J., Ameran H.L.M., Kadir H.A., Muji S.Z.M., Rahim R.A., Pusppanathan J.","Non-Destructive Oil Palm Fresh Fruit Bunch (FFB) grading technique using optical sensor",2018,"International Journal of Integrated Engineering","10","1",,"35","39",,3,"10.30880/ijie.2018.10.01.006","https://www.scopus.com/inward/record.uri?eid=2-s2.0-85055479552&doi=10.30880%2fijie.2018.10.01.006&partnerID=40&md5=dc1e6d4b3dc8a6d62df34e53076a89c4","Chlorophyll; Optical sensor; Over-ripe; Ripe; Under-ripe",
"Hawari H.F., Samsudin N.M., Shakaff A.Y.Md., Wahab Y., Hashim U., Zakaria A., Ghani S.A., Ahmad M.N.","Highly selective molecular imprinted polymer (MIP) based sensor array using interdigitated electrode (IDE) platform for detection of mango ripeness",2013,"Sensors and Actuators, B: Chemical","187",,,"434","444",,28,"10.1016/j.snb.2013.01.045","https://www.scopus.com/inward/record.uri?eid=2-s2.0-84885470915&doi=10.1016%2fj.snb.2013.01.045&partnerID=40&md5=47fc3d048e6c75ae4bb4480637f207b7","Fruit ripeness; Gas sensor; Mango volatiles; Molecularly imprinted polymer; Sensor array","Capacitance; Chemical sensors; Electrodes; Integrodifferential equations; Molecules; Plastic bottles; Polymers; Sensor arrays; Computational modelling; Fruit ripeness; Interdigitated electrodes; Mango volatiles; Molecular imprinted polymer (MIP); Molecularly Imprinted Polymer; Polyethylene terephthalates (PET); Sensor implementation; Fruits"
"Yeow Y.K., Abbas Z., Atan K.A.M., Long N.M.A.N., Hassan J., Shaari A.H.","Finite element analysis for oil palm fruit using open-ended coaxial sensor",2008,"Malaysian Journal of Mathematical Sciences","2","2",,"173","184",,,,"https://www.scopus.com/inward/record.uri?eid=2-s2.0-76749161386&partnerID=40&md5=cc05001f6b3e4e6008b39d2af639e349","Coaxial probe; Finite element method; Oil palm Fruit; Reflection coefficient",
"Kassim M.S.M., Ismail W.I.W., Teik L.H.","Oil palm fruit classifications by using near infrared images",2014,"Research Journal of Applied Sciences, Engineering and Technology","7","11",,"2200","2207",,4,"10.19026/rjaset.7.517","https://www.scopus.com/inward/record.uri?eid=2-s2.0-84898052707&doi=10.19026%2frjaset.7.517&partnerID=40&md5=eb8303ec16b0b924558da6640f801e1e","Microstrip sensor; Multispectral images; Near Infrared (NIR); Oil palm FFB",
"Pobkrut T., Eamsa-Ard T., Kerdcharoen T.","Sensor drone for aerial odor mapping for agriculture and security services",2016,"2016 13th International Conference on Electrical Engineering/Electronics, Computer, Telecommunications and Information Technology, ECTI-CON 2016",,,"7561340","","",,26,"10.1109/ECTICon.2016.7561340","https://www.scopus.com/inward/record.uri?eid=2-s2.0-84988835611&doi=10.1109%2fECTICon.2016.7561340&partnerID=40&md5=c4630b43bdc0b2b1ccfa1b9946136cd6","Electronic nose; flying E-nose drone; UAV","Agriculture; Ammonia; Carbon; Carbon nanotubes; Chemical sensors; Drones; Electronic nose; Ethylene; Explosives detection; Gas detectors; Single-walled carbon nanotubes (SWCN); Toluene; Volatile organic compounds; Yarn; Ammonia evaporation; Fruit ripeness; Measurement chamber; Security services; Sensor response; Singlewalled carbon nanotube (SWCNT); Small unmanned aerial vehicles; Volatile compounds; Unmanned aerial vehicles (UAV)"
"Yee L.K., Abbas Z., Jusoh M.A., Yeow Y.K., Meng C.E.","Determination of moisture content in oil palm fruits using a five-port reflectometer",2011,"Sensors","11","4",,"4073","4085",,28,"10.3390/s110404073","https://www.scopus.com/inward/record.uri?eid=2-s2.0-79953851714&doi=10.3390%2fs110404073&partnerID=40&md5=331d60ee38df40cc7f43d27807420d1f","Coaxial sensor; Data acquisition; Five-port reflectometer; Graphical programming; Moisture; Monopole sensor","water; article; chemistry; computer; computer program; fruit; human; microwave radiation; tree; Computers; Fruit; Humans; Microwaves; Software; Trees; Water"
"Hazir M.H.M., Shariff A.R.M.","Oil palm physical and optical characteristics from two different: Planting materials",2011,"Research Journal of Applied Sciences, Engineering and Technology","3","9",,"953","962",,9,,"https://www.scopus.com/inward/record.uri?eid=2-s2.0-82555204739&partnerID=40&md5=d93425cb5c432a6a4fea9e3fa6060d3c","Oil palm FFB; Optical sensor; Physical characteristics; RGB digital number; Tenera","Active optical sensors; Anthocyanin content; Color information; Digital numbers; Fresh fruits; Linear dimensions; Multiband; Non-contact; Non-destruction; Oil palm; Optical characteristics; Physical characteristics; Planting materials; Tenera; Anthocyanins; Chlorophyll; Computer vision; Optical sensors; Optical materials"
"Yap X.Y., Chia K.S., Rahman H.A., Teh V.","A non-destructive oil palm fruit freshness prediction system with artificial neural network",2019,"International Journal of Integrated Engineering","11","8",,"159","163",,,"10.30880/ijie.2019.11.08.016","https://www.scopus.com/inward/record.uri?eid=2-s2.0-85078219171&doi=10.30880%2fijie.2019.11.08.016&partnerID=40&md5=19d08216cec05c4fba8a91eb51fda487","Artificial neural network; Freshness prediction; Near infrared; Oil palm fruit",
"Misron N., Azhar N.S.K., Hamidon M.N., Aris I., Tashiro K., Nagata H.","Effect of charging parameter on fruit battery-based oil palm maturity sensor",2020,"Micromachines","11","9","806","","",,1,"10.3390/MI11090806","https://www.scopus.com/inward/record.uri?eid=2-s2.0-85091329774&doi=10.3390%2fMI11090806&partnerID=40&md5=2e5c4d595c694a6559f906417bccf8d5","Charging time; Charging voltage; Fruit battery base; Load resistance; Oil palm maturity sensor","Charging time; Fruits; Petroleum industry; Petroleum transportation; Secondary batteries; Charging voltage; Fresh fruits; Load resistances; Oil contents; Oil extraction rates; Oil palm fruits; Oil production; Sensor sensitivity; Palm oil"
"Ishak W.I.W., Hudzari R.M.","Image based modeling for oil palm fruit maturity prediction",2010,"Journal of Food, Agriculture and Environment","8","2",,"469","476",,24,,"https://www.scopus.com/inward/record.uri?eid=2-s2.0-77952815483&partnerID=40&md5=b2eb758803ca2746c3286ae207108cd0","Day estimation for harvesting; Maturity prediction; Mesocarp oil content; Oil palm optical properties","palm oil; analog digital converter; article; camera; computer program; elaeis guineensis; fruit color; fruit development; fruit morphology; fruit ripening; image analysis; imaging; nonhuman; plant; plantation; regression analysis; Soxhlet extraction; surface property; validation process; Elaeis; Elaeis guineensis"
"Ahmad K.A.B., Othman M., Syed Abdullah S.L., Rasidah Ali N., Muhamat Dawam S.R.","Mango Shape Maturity Classification Using Image Processing",2019,"ICRAIE 2019 - 4th International Conference and Workshops on Recent Advances and Innovations in Engineering: Thriving Technologies",,,"9037776","","",,,"10.1109/ICRAIE47735.2019.9037776","https://www.scopus.com/inward/record.uri?eid=2-s2.0-85083173351&doi=10.1109%2fICRAIE47735.2019.9037776&partnerID=40&md5=24931d37aa0721d49803e582ad95f585","Classification; Harumanis mango; image processing; maturity; shape","Image classification; Image segmentation; Textures; External features; Feature extraction and classification; Harumanis mangos; Image processing technique; Important features; Maturity stages; Physical characteristics; Quality measurements; Fruits"
"Chan Y.K., Koo V.C., Ang C.Y., Yee K.S., Chua M.Y.","Design and development of a C-band RF transceiver for uavsar",2011,"Progress In Electromagnetics Research C","24",,,"1","12",,6,"10.2528/PIERC11071908","https://www.scopus.com/inward/record.uri?eid=2-s2.0-82755164254&doi=10.2528%2fPIERC11071908&partnerID=40&md5=17a88b7c6fcd2481fa1e5135af9a3378",,"Airborne radars; Airborne Systems; Design and Development; Field measurement; Flight test; ITS evaluation; Malaysia; Monitoring and management; Oil palm; Paddy fields; RF transceivers; Soil surfaces; Sensors; Space optics; Transceivers; Unmanned aerial vehicles (UAV); Unmanned vehicles; Synthetic aperture radar"
"Adedayo O., Onibonoje M., Isa M.","A layer-sensitivity based artificial neural network for characterization of oil palm fruitlets",2021,"International Journal of Applied Science and Engineering","18","1",,"1","7",,,"10.6703/IJASE.202103_18(1).011","https://www.scopus.com/inward/record.uri?eid=2-s2.0-85101741350&doi=10.6703%2fIJASE.202103_18%281%29.011&partnerID=40&md5=469efeef5c202b5fa2ea3438c7587dba","Artificial neural network; Dielectric properties; Oil palm fruitlets; Open-ended coaxial sensor; Sensitivity analysis; Training algorithms",
"Abbas Z., Yeow Y.K., Shaari A.H., Zakaria A., Hassan J., Khalid K., Saion E.","Fast and accurate technique for determination of moisture content in oil palm fruits using open-ended coaxial sensor",2005,"Japanese Journal of Applied Physics, Part 1: Regular Papers and Short Notes and Review Papers","44","7 A",,"5272","5274",,9,"10.1143/JJAP.44.5272","https://www.scopus.com/inward/record.uri?eid=2-s2.0-31544472588&doi=10.1143%2fJJAP.44.5272&partnerID=40&md5=db33c815d7cbad5a3891558ca63251d4","Coaxial sensor; Moisture content; Network analyzer; Oil palm fruit; Reflection coefficient","Calibration; Drying; Moisture; Sensors; Coaxial sensors; Oil palm fruit; Fruits; Drying; Fruits; Moisture Content; Reflection; Sensors"
"Alfatni M.S.M., Mohamed Shariff A.R., Bejo S.K., Ben Saaed O.M., Mustapha A.","Real-time oil palm FFB ripeness grading system based on ANN, KNN and SVM classifiers",2018,"IOP Conference Series: Earth and Environmental Science","169","1","012067","","",,4,"10.1088/1755-1315/169/1/012067","https://www.scopus.com/inward/record.uri?eid=2-s2.0-85051935982&doi=10.1088%2f1755-1315%2f169%2f1%2f012067&partnerID=40&md5=be7a656ee56ea51fa482ea4ad66a5621",,"Artificial intelligence; Crops; Fruits; Grading; Image segmentation; Palm oil; Quality control; Remote sensing; Supervised learning; Agricultural crops; External features; Feature extraction techniques; Feature measurement; Supervised machine learning; System evaluation; System methodologies; Training and testing; Classification (of information)"
"Hazir M.H.M., Shariff A.R.M., Amiruddin M.D., Ramli A.R., Iqbal Saripan M.","Oil palm bunch ripeness classification using fluorescence technique",2012,"Journal of Food Engineering","113","4",,"534","540",,25,"10.1016/j.jfoodeng.2012.07.008","https://www.scopus.com/inward/record.uri?eid=2-s2.0-84866391550&doi=10.1016%2fj.jfoodeng.2012.07.008&partnerID=40&md5=4be9c4f839f662856a598d61e0fa194e","Classification tree; Fluorescence sensor; Grading; Oil palm FFB","Agriculture products; Classification and regression tree; Classification trees; Emission signal; Excitation light sources; Fluorescence ratio; Fluorescence sensors; Fluorescence technique; Fresh fruits; Grading system; Land resources; Malaysia; Maturity stages; Multiparameters; Non destructive; Oil extraction; Oil palm; Real time; Test components; Ultraviolet lights; Forestry; Grading; Light emitting diodes; Light sources; Research; Sensors; Fluorescence; Classification; Fluorescence; Forestry; Light Sources; Research; Sensors; Trees; Elaeis"
"Surya Kiran M., Niranjana G.","A research on fruit maturity detection techniques",2019,"International Journal of Innovative Technology and Exploring Engineering","8","6 Special Issue 4",,"1470","1473",,,"10.35940/ijitee.F1300.0486S419","https://www.scopus.com/inward/record.uri?eid=2-s2.0-85071436380&doi=10.35940%2fijitee.F1300.0486S419&partnerID=40&md5=6d95c0169bc33547f9553a1883c31c6f","Image processing; RGB; Sensors",
"Surya Kiran M., Niranjana G.","A review on fruit maturity detection techniques",2019,"International Journal of Innovative Technology and Exploring Engineering","8","6",,"444","447",,,,"https://www.scopus.com/inward/record.uri?eid=2-s2.0-85067348469&partnerID=40&md5=f162e4c34731ac21022549ab470427f6","Image processing; RGB; Sensors",
"Amirruddin A.D., Muharam F.M., Karam D.S.","Evaluation of ground-level and space-borne sensor as tools in monitoring nitrogen nutrition status in immature and mature oil palm",2018,"Journal of Plant Nutrition","41","3",,"371","383",,1,"10.1080/01904167.2017.1385804","https://www.scopus.com/inward/record.uri?eid=2-s2.0-85033435410&doi=10.1080%2f01904167.2017.1385804&partnerID=40&md5=e31fe7cb4b8eb3e7e05583344a0a0626","ground-level; nitrogen; oil palm; space-borne",
"Sagar B.V., Akbar A.F.M., Raoof M.A.","An in vitro evaluation of fungicides against anthracnose of oil palm caused by colletoirichum gloeosporioides (Penz.)",2006,"Pestology","30","4",,"39","40",,,,"https://www.scopus.com/inward/record.uri?eid=2-s2.0-33845975243&partnerID=40&md5=24ddbcc72873b7a4902b2bd044f3f239","Colleiotnchum gloeosporioides; Control; Oil palm","anthracnose; dicotyledon; efficiency measurement; fungicide; fungus; pesticide application; Elaeis"
"Amirruddin A.D., Muharam F.M., Mazlan N.","Assessing leaf scale measurement for nitrogen content of oil palm: Performance of discriminant analysis and support vector machine classifiers",2017,"International Journal of Remote Sensing","38","23",,"7260","7280",,3,"10.1080/01431161.2017.1372862","https://www.scopus.com/inward/record.uri?eid=2-s2.0-85045735606&doi=10.1080%2f01431161.2017.1372862&partnerID=40&md5=d61f57b30284b68003c4aea1969a1157",,"Crops; Discriminant analysis; Economic and social effects; Nitrogen; Palm oil; Discriminant functions; Machine learning approaches; Nitrogen content; Predictive accuracy; Reasonable accuracy; Sensitive sensors; Spectral measurement; Support vector machine classifiers; Support vector machines; discriminant analysis; leaf; nitrogen; seedling; support vector machine; Elaeis"
"Scimeca L., Maiolino P., Cardin-Catalan D., Pobil A.P.D., Morales A., Iida F.","Non-destructive robotic assessment of mango ripeness via multi-point soft haptics",2019,"Proceedings - IEEE International Conference on Robotics and Automation","2019-May",,"8793956","1821","1826",,8,"10.1109/ICRA.2019.8793956","https://www.scopus.com/inward/record.uri?eid=2-s2.0-85071423046&doi=10.1109%2fICRA.2019.8793956&partnerID=40&md5=f43d91d06667331f100ba595bc79933c",,
"Fowotade S.A., Yusof N.A., Abdullah J., Sulaiman Y., Abd Rahman S.F.","Enhanced electrochemical sensing of secondary metabolites in oil palms for early detection of Ganoderma boninense based on novel nanoparticle-chitosan functionalized multi-walled carbon nanotube platform",2019,"Sensing and Bio-Sensing Research","23",,"100274","","",,7,"10.1016/j.sbsr.2019.100274","https://www.scopus.com/inward/record.uri?eid=2-s2.0-85063012498&doi=10.1016%2fj.sbsr.2019.100274&partnerID=40&md5=bfad7665d4be8a64c82466381f3062af","Multi-walled carbon nanotubes; Oil palms extracts; Screen printed carbon electrode; Secondary metabolites; Voltammetry",
"Gutiérrez-Vélez V.H., DeFries R.","Annual multi-resolution detection of land cover conversion to oil palm in the Peruvian Amazon",2013,"Remote Sensing of Environment","129",,,"154","167",,78,"10.1016/j.rse.2012.10.033","https://www.scopus.com/inward/record.uri?eid=2-s2.0-84870290299&doi=10.1016%2fj.rse.2012.10.033&partnerID=40&md5=31fb128c2e1423cd009572896960c85a","Age; ALOS-PALSAR; Classification; Landsat; MODIS; Monitoring; Time series; Tropical deforestation","Age; ALOS-PALSAR; LANDSAT; MODIS; Tropical deforestation; Classification (of information); Conservation; Data visualization; Deforestation; Monitoring; Radiometers; Sensors; Time series; Landforms; ALOS; deforestation; forest cover; incentive; land cover; land use change; Landsat; Landsat thematic mapper; MODIS; monocotyledon; PALSAR; plantation; satellite sensor; time series analysis; uncertainty analysis; vegetation dynamics; Classification; Conservation; Deforestation; Monitoring; Radiometry; Sensors; Time Series Analysis; Tropical Atmospheres; Amazonia; Peru; Pucallpa; Ucayali; Elaeis"
"Aziz M.H.A., Bejo S.K., Hashim F., Ramli N.H., Ahmad D.","Evaluations of soil resistivity in relation to basal stem rot incidences using soil moisture sensor",2019,"Pertanika Journal of Science and Technology","27","S1",,"225","234",,1,,"https://www.scopus.com/inward/record.uri?eid=2-s2.0-85073458593&partnerID=40&md5=fcfb233f561c710692f9d707bb97cfcc","Basal stem rot; Electrical resistance; Ganoderma boninense; Soil moisture sensor; Soil resistivity",
"Kinjo H., Oshiro N., Duong S.C.","Fruit maturity detection using neural network and an odor sensor: Toward a quick detection",2015,"2015 10th Asian Control Conference: Emerging Control Techniques for a Sustainable World, ASCC 2015",,,"7244428","","",,1,"10.1109/ASCC.2015.7244428","https://www.scopus.com/inward/record.uri?eid=2-s2.0-84957645319&doi=10.1109%2fASCC.2015.7244428&partnerID=40&md5=fc828252a824a515543d749480738867","maturity detection of fruit; neural network; odor sensor",
"Pamornnak B., Limsirorattana S., Chongcheawchamnan M.","Oil extraction rate determination technique based on dielectric constant of palm fruit",2013,"Applied Mechanics and Materials","303-306",,,"498","501",,4,"10.4028/www.scientific.net/AMM.303-306.498","https://www.scopus.com/inward/record.uri?eid=2-s2.0-84874733142&doi=10.4028%2fwww.scientific.net%2fAMM.303-306.498&partnerID=40&md5=75ea3ba4482331e58001fdda027119a5","Dielectric constant; Microwave; OER; Oil content; Oil palm","Dielectric-constant measurements; Fruit samples; Global economics; OER; Oil contents; Oil extraction rates; Oil palm; Oil palm fruits; Consumer products; Extraction; Fruits; Intelligent materials; Mathematical models; Microwaves; Permittivity; Sensors; Palm oil"
"Lee K.Y., Abbas Z., Yeow Y.K., Sharizan N., Meng C.E.","In situ measurements of complex permittivity and moisture content in oil palm fruits",2010,"EPJ Applied Physics","49","3",,"31201-p1","31201-p5",,15,"10.1051/epjap/2010007","https://www.scopus.com/inward/record.uri?eid=2-s2.0-84996133374&doi=10.1051%2fepjap%2f2010007&partnerID=40&md5=dc1f89b64f91d20c20b656dcbfc312e5",,
"Geyer M., Herold B., Zude M., Truppel I.","Non-destructive evaluation of apple fruit maturity on the tree",2007,"Vegetable Crops Research Bulletin","66",,,"161","169",,14,"10.2478/v10032-007-0018-4","https://www.scopus.com/inward/record.uri?eid=2-s2.0-77953277722&doi=10.2478%2fv10032-007-0018-4&partnerID=40&md5=380e2639af4ee255e79d4fe35557b10c","Apple fruit; maturity development; non-destructive indices; spectral measurement",
"Hermawan B., Agustian I., Hasanudin, Herawati R., Murcitro B.G.","Spatiotemporal Variability in Soil Water Content Profiles under Young and Mature Oil Palm Plantations in North Bengkulu Regency",2021,"International Journal on Advanced Science, Engineering and Information Technology","11","1",,"259","265",,,"10.18517/ijaseit.11.1.9432","https://www.scopus.com/inward/record.uri?eid=2-s2.0-85102104634&doi=10.18517%2fijaseit.11.1.9432&partnerID=40&md5=e9db86000e73c8cb785721696a225d1f","electrometer; soil water profiles; temporal variations",
"Korkua S.K., Sakphrom S.","Low-cost capacitive sensor for detecting palm-wood moisture content in real-time",2020,"Heliyon","6","8","e04555","","",,2,"10.1016/j.heliyon.2020.e04555","https://www.scopus.com/inward/record.uri?eid=2-s2.0-85089006600&doi=10.1016%2fj.heliyon.2020.e04555&partnerID=40&md5=3de88e6c8781e4625d31cf5d15c0bae7","Capacitive detection; Communication system; Control systems; Coplanar electrode; Electrical engineering; Electrical system; Energy; Industrial engineering; Parallel-plate electrode; Wireless network",
"Noordin I.R.M., Abdullah Idris H., Taib M.N., Md Sharif J., Rosli A.D., Zanal A., Abdullah A.T.","Investigation of oil palm ash microwave absorber for broadband application",2012,"Proceedings - 2012 IEEE 8th International Colloquium on Signal Processing and Its Applications, CSPA 2012",,,"6194724","232","235",,12,"10.1109/CSPA.2012.6194724","https://www.scopus.com/inward/record.uri?eid=2-s2.0-84861541196&doi=10.1109%2fCSPA.2012.6194724&partnerID=40&md5=ddb92611e5d643d697f1b125104cc6dd","anechoic chamber; broadband; microwave absorber","broadband; Broadband applications; Broadband frequency; CST microwave studio; Microwave absorbers; Microwave absorbing materials; Oil palm ash; Anechoic chambers; Magnetic materials; Signal processing; Microwaves"
"Hamsa C.S., Kanniah K.D., Muharam F.M., Idris N.H., Abdullah Z., Mohamed L.","Textural measures for estimating oil palm age",2019,"International Journal of Remote Sensing","40","19",,"7516","7537",,3,"10.1080/01431161.2018.1530813","https://www.scopus.com/inward/record.uri?eid=2-s2.0-85055466096&doi=10.1080%2f01431161.2018.1530813&partnerID=40&md5=8ab87ea964b122506e9f6c2a035706d2",,"Remote sensing; Angular second moment; Determinant factors; Field investigation; Multispectral images; Oil palm plantations; Remote sensing images; Synergistic effect; Texture measurement; Palm oil; accuracy assessment; multispectral image; plantation; remote sensing; SPOT; texture; vegetable oil; Elaeis"
"Willis L.B., Gil G.A., Lee H.L.T., Choi D.-S., Schoenheit J., Ram R.J., Rha C., Sinskey A.J.","Application of spectroscopic methods for the automation of oil palm culture",2008,"Journal of Oil Palm Research",,"SPEC. ISS. APRIL",,"1","13",,5,,"https://www.scopus.com/inward/record.uri?eid=2-s2.0-79953145704&partnerID=40&md5=e38b2f48ee644c9634e991b3709152c6","Cytometry; Glucose; Raman; Spectroscopy; UV fluorescence","Elaeis"
"Isha A., Akanbi F.S., Yusof N.A., Osman R., Mui-Yun W., Abdullah S.N.A.","An NMR metabolomics approach and detection of ganoderma boninense-infected oil palm leaves using MWCNT-based electrochemical sensor",2019,"Journal of Nanomaterials","2019",,"4729706","","",,5,"10.1155/2019/4729706","https://www.scopus.com/inward/record.uri?eid=2-s2.0-85073891624&doi=10.1155%2f2019%2f4729706&partnerID=40&md5=4f4433be25bc527f0a39b7b9439a9d61",,"Chemical detection; Chitosan; Cyclic voltammetry; Electrochemical electrodes; Electrochemical sensors; Gold deposits; Gold nanoparticles; Metal nanoparticles; Palm oil; Palmprint recognition; Principal component analysis; Yarn; Electrocatalytic activity; ELectrochemical detection; Functionalized multi-walled carbon nanotubes; Functionalized-MWCNT; Linear sweep voltammetry; Modified electrodes; Screen-printed carbon electrodes; Synergistic interaction; Multiwalled carbon nanotubes (MWCN)"
"Keshvadi A., Endan J.B., Harun H., Ahmad D., Saleena F.","The effect of surface color on palm oil quality during the ripening process of fresh fruits",2011,"Journal of Food, Agriculture and Environment","9","3-4",,"61","67",,2,,"https://www.scopus.com/inward/record.uri?eid=2-s2.0-80655130276&partnerID=40&md5=aa68398041f6a60a621992287c927652","FFB; Fruit surface color; Oil extraction and fatty acids; Oil palm","fatty acid; linoleic acid; oleic acid; palm oil; palmitic acid; article; color; computer program; food quality; fruit; fruit ripening; maturity; measurement; nonhuman; plant seed; random sample; Soxhlet extraction; spectrophotometry; surface property; Elaeis; Elaeis guineensis"
"Carolita I., Rosid M.S., Ibrahim A., Dirgahayu D., Noviar H., Supriatna J.","Potential of PALSAR SCANSAR data for oil palm plantation in growth monitoring and mapping",2021,"IOP Conference Series: Earth and Environmental Science","739","1","012091","","",,,"10.1088/1755-1315/739/1/012091","https://www.scopus.com/inward/record.uri?eid=2-s2.0-85105261179&doi=10.1088%2f1755-1315%2f739%2f1%2f012091&partnerID=40&md5=9dadbf83ccf4c7187fc5c67f74aa689f",,"Backscattering; Condition monitoring; Space-based radar; Synthetic aperture radar; Biomass estimation; Growth modeling; Growth monitoring; Logarithmic equations; Oil palm plantations; Spatial resolution; Yield estimation; Yield forecasting; Palm oil"
"Hermawan B., Suhartoyo H., Anandyawati, Sukisno, Gonggo B., Hasanudin, Agustian I.","Spatial variability in soil water under adjacent mature oil palm and rubber plantations: Application of a new dielectric method in evaluating soil water",2019,"International Journal of Agricultural Technology","15","2",,"261","272",,1,,"https://www.scopus.com/inward/record.uri?eid=2-s2.0-85065735993&partnerID=40&md5=828ae4d333c5cd99e84660ace98d76b9","Electrical impedance; Oil palm; Rubber; Soil water",
"Lopresti J., Hale G., Brady S., Stefanelli D.","Effect of fruit maturity and cool storage on chilling injury in peach and nectarine",2015,"Acta Horticulturae","1084",,,"741","747",,2,"10.17660/actahortic.2015.1084.99","https://www.scopus.com/inward/record.uri?eid=2-s2.0-84940426178&doi=10.17660%2factahortic.2015.1084.99&partnerID=40&md5=2ed8df44f79e864b7844ed8c5411bf06","Chilling injury; Cold storage; Ethylene; Fruit maturity; Prunus persica (L.) Batsch; Stone fruit","Prunus persica; Prunus persica nucipersica"
"Shashikant V., Shariff A.R.M., Nordin L., Pradhan B.","Above ground biomass estimation of oil palm tree using PALSAR",2013,"34th Asian Conference on Remote Sensing 2013, ACRS 2013","4",,,"2870","2873",,,,"https://www.scopus.com/inward/record.uri?eid=2-s2.0-84903489165&partnerID=40&md5=973e9601cae74f94035e8f9d0ed86b41","AGB; Oil palm trees; PALSAR","Biomass; Forestry; Polarization; Remote sensing; Above ground biomass; AGB; Oil palm biomass; Oil palm plantations; Oil palm tree; PALSAR; Phased array type l-band synthetic aperture radars; Speckle suppression; Palm oil; Biomass; Forestry; Polarization; Remote Sensing; Vegetable Oil"
"Aziz N.H.A., Sarnin S.S., Othman K.A., Wahab N., Misman N., Hashim A.T.","Supervisory data acquisition of temperature and humidity in oil palm tissue culture laboratory",2010,"Proceedings - 2nd International Conference on Computational Intelligence, Modelling and Simulation, CIMSim 2010",,,"5701891","470","475",,3,"10.1109/CIMSiM.2010.74","https://www.scopus.com/inward/record.uri?eid=2-s2.0-79952083345&doi=10.1109%2fCIMSiM.2010.74&partnerID=40&md5=524829f47062d75377389ecfa88d33b0","Database access; Humidity; Oil palm; Temperature; VB 6.0; Xbee","Database access; Humidity; Oil palm; VB 6.0; Xbee; Artificial intelligence; Database systems; Display devices; Laboratories; Molecular biology; Monitoring; Sensors; Tissue; Tissue culture; Information management"
"Darmawan S., Carolita I., Hernawati R., Dirgahayu D., Agustan, Permadi D.A., Sari D.K., Suryadini W., Wiratmoko D., Kunto Y.","The Potential Scattering Model for Oil Palm Phenology Based on Spaceborne X-, C-, and L-Band Polarimetric SAR Imaging",2021,"Journal of Sensors","2021",,"6625774","","",,,"10.1155/2021/6625774","https://www.scopus.com/inward/record.uri?eid=2-s2.0-85102982922&doi=10.1155%2f2021%2f6625774&partnerID=40&md5=08357fb6b1f4af99786ce64a9c13fc8f",,"Biology; Forestry; Microwave sensors; Nonlinear systems; Palm oil; Polarimeters; Polarization; Space-based radar; Synthetic aperture radar; Tracking radar; Logarithmic models; Oil palm plantations; Polarimetric radars; Polarimetric synthetic aperture radars; Potential scattering; Radiometric calibrations; Scattering char-acteristics; Sumatra , Indonesia; Radar imaging"
"Ooi Z.X., Ismail H., Bakar A.A.","The effect of oil palm ash loading on curing characteristics and tensile properties of natural rubber vulcanizates",2012,"8th Asian-Australasian Conference on Composite Materials 2012, ACCM 2012 - Composites: Enabling Tomorrow's Industry Today","1",,,"799","804",,,,"https://www.scopus.com/inward/record.uri?eid=2-s2.0-84893008102&partnerID=40&md5=58f5b619f09d831c33751b62f6ed56be","Cure characteristic; Morphological studies; Natural rubber; Oil palm ash; Tensile testing","Cure characteristics; Curing characteristics; Morphological study; Oil palm ash; Optimum loading; Rubber vulcanizates; Strength and elongations; Tensile fracture surfaces; Composite materials; Curing; Filled polymers; Materials testing apparatus; Morphology; Palm oil; Rubber; Tensile strength; Tensile testing; Loading"
"Ishida R., Uchida H., Hasegawa Y., Iohara K., Koizumi D.","Ripeness evaluation of post harvest fruits using plant bioelectric potential",2018,"IEEJ Transactions on Sensors and Micromachines","138","9",,"423","429",,1,"10.1541/ieejsmas.138.423","https://www.scopus.com/inward/record.uri?eid=2-s2.0-85052626994&doi=10.1541%2fieejsmas.138.423&partnerID=40&md5=810443e3f41e66a9a78785e7bf8d16a3","Bioelectric potential; Climacteric fruit; Near infrared irradiation; Post harvest fruits; Ripeness evaluation","Bioelectric potentials; Harvesting; Infrared devices; Physiological models; Physiology; Ambient environment; Fruit ripeness; Near Infrared; Novel techniques; Physiological activity; Post harvest; Ripeness evaluation; Ripening stages; Fruits"
"Latif H.A., Yahya M.N., Zaman I., Sambu M., Ghazali M.I., Hatta M.N.M.","Investigation on sound absorption of oil palm mesocarp natural fiber",2016,"ARPN Journal of Engineering and Applied Sciences","11","10",,"6508","6513",,1,,"https://www.scopus.com/inward/record.uri?eid=2-s2.0-84971468870&partnerID=40&md5=e150750dc5e48a0cb59a9cce6729dfa7","Delany-bazley; Natural fiber; Noise reduction coefficient; Oil palm mesocarp; Sound absorption",
"Sakurai N., Terasaki S., Akimoto H.","Non-destructive determination of fruit maturity by a resonant vibration technique",2016,"Acta Horticulturae","1119",,,"171","178",,3,"10.17660/ActaHortic.2016.1119.23","https://www.scopus.com/inward/record.uri?eid=2-s2.0-84978655759&doi=10.17660%2fActaHortic.2016.1119.23&partnerID=40&md5=52bb4e7969513de1bdac4320800e2978","Apple; Core rot; Doppler; Firmness; Laser; Melon; Pear",
[No author name available],"Comparing apples and oranges: New sensors measure fruits' ripeness, helping prevent spoilage",2013,"Food Engineering and Ingredients","38","2-3",,"21","23",,,,"https://www.scopus.com/inward/record.uri?eid=2-s2.0-84880091340&partnerID=40&md5=106715568a7ddac3230de048dfb87d7d",,
"Kassim M.R.M., Harun A.N.","Using Wireless Sensor Network to determine pollination readiness of oil palm flower",2016,"Proceedings of the International Conference on Sensing Technology, ICST","2016-March",,"7438365","59","64",,6,"10.1109/ICSensT.2015.7438365","https://www.scopus.com/inward/record.uri?eid=2-s2.0-84964801365&doi=10.1109%2fICSensT.2015.7438365&partnerID=40&md5=dc5eee11a8a361dffc3dcbfd4be93b80","palm oil; pollination; Precision Agriculture; WSN","Cell proliferation; Gateways (computer networks); Humidity control; Network architecture; Plants (botany); Precision agriculture; Wireless sensor networks; Essential services; Female reproductive organs; Fertilisation; Fruit development; Male reproductive organs; Oil industries; pollination; Wireless sensor; Palm oil"
"Amirruddin A.D., Muharamand F.M., Zaharah A.R.","Evaluation of multiple proximal sensors for estimating nitrogen nutritional content of matured oil palm",2014,"Asian Journal of Plant Sciences","13","4",,"136","146",,6,"10.3923/ajps.2014.136.146","https://www.scopus.com/inward/record.uri?eid=2-s2.0-84925620420&doi=10.3923%2fajps.2014.136.146&partnerID=40&md5=fef0efd251c97b75abfca5868b232b23","Diameter; Height; LAI; SPAD; Spectroradiometer","Elaeis"
"Abdullah H., Zanal A., Taib M.N., Noordin I.R.M., Ali W.K.W., Ariffin R., Abdullah S., Baharudin R., Abdullah A.T.","Microwave absorber coating material using oil palm ash",2012,"Advanced Materials Research","512-515",,,"1941","1944",,4,"10.4028/www.scientific.net/AMR.512-515.1941","https://www.scopus.com/inward/record.uri?eid=2-s2.0-84861650381&doi=10.4028%2fwww.scientific.net%2fAMR.512-515.1941&partnerID=40&md5=0ea3677f71d977b7b24449774285806f","Microwave absorber; Microwave absorbing material; Oil palm ash absorbent material","Absorbent materials; Accurate analysis; Broadband frequency; CST microwave studio; Design and simulation; High frequency devices; Microwave absorbers; Microwave absorbing materials; Number of layers; Oil palm; Oil palm ash; Simulation Design; Software use; Coatings; Fly ash; Microwaves"
"Hawari H.F., Saad S.M., Samsudin N.M., Md Shakaff A.Y., Wahab Y., Hashim U.","Sensory system for detection of Harumanis mango fruit maturity",2013,"ICCAS 2013 - 2013 IEEE International Conference on Circuits and Systems: ""Advanced Circuits and Systems for Sustainability""",,,"6671632","146","149",,3,"10.1109/CircuitsAndSystems.2013.6671632","https://www.scopus.com/inward/record.uri?eid=2-s2.0-84893271821&doi=10.1109%2fCircuitsAndSystems.2013.6671632&partnerID=40&md5=6c06645e2f3c6db3941b8039df860786","Fruit Maturity; Gas Sensor; Interdigitated Electrode; Molecular Imprint Polymer","Capacitance; Chemical sensors; Integrodifferential equations; Sustainable development; Agriculture sectors; Alternative solutions; Electrical capacitance; Fruit maturity; Inter-digitated electrodes; Interface circuits; Molecular imprint polymers; Molecular imprinted polymer (MIP); Fruits"
"Delgado I.B., Colorado L.A.M., Argüello Prada E.J., Martínez-Santos J.C.","Irrigation system for oil palm in Colombia - an internet of things approach",2017,"Communications in Computer and Information Science","742",,,"300","311",,1,"10.1007/978-3-319-66963-2_27","https://www.scopus.com/inward/record.uri?eid=2-s2.0-85030029940&doi=10.1007%2f978-3-319-66963-2_27&partnerID=40&md5=8634cfc92bc549a01e1c9e8a4b6b4a69","Internet of Things; Irrigation; Oil palm; Predictive control; Soil moisture","Crops; Internet of things; Irrigation; Model predictive control; Moisture; Moisture control; Soil moisture; Soils; Internet of thing (IOT); Irrigation schedule; Oil palm; Oil palm plantations; Predictive control; Predictive control models; Soil moisture sensors; Weather prediction; Palm oil"
"Röll A., Niu F., Meijide A., Ahongshangbam J., Ehbrecht M., Guillaume T., Gunawan D., Hardanto A., Hendrayanto, Hertel D., Kotowska M.M., Kreft H., Kuzyakov Y., Leuschner C., Nomura M., Polle A., Rembold K., Sahner J., Seidel D., Zemp D.C., Knohl A., Hölscher D.","Transpiration on the rebound in lowland Sumatra",2019,"Agricultural and Forest Meteorology","274",,,"160","171",,13,"10.1016/j.agrformet.2019.04.017","https://www.scopus.com/inward/record.uri?eid=2-s2.0-85065478551&doi=10.1016%2fj.agrformet.2019.04.017&partnerID=40&md5=5d58788ab1d26b2df08e781186b99a31","Forest; Jungle rubber; Land-cover change; Land-use intensification; Oil palm; Rubber plantation; Sap flux; Tropics; Water use","ecohydrology; flux measurement; forest dynamics; land cover; land use change; lowland environment; monoculture; plantation forestry; rubber; sap flow; selective logging; stand structure; transpiration; tropical region; water use; Greater Sunda Islands; Indonesia; Sumatra; Sunda Isles; Elaeis"
"Cheng E.M., Abbas Z., Rahim Samsuddin H.A., Lee K.Y., You K.Y., Hassan J., Zainuddin H., Khor S.F.","Analysis on monopole antenna for moisture determination in oil palm fruit using finite difference method",2016,"Journal of Electrical Engineering and Technology","11","6",,"1754","1762",,4,"10.5370/JEET.2016.11.6.1754","https://www.scopus.com/inward/record.uri?eid=2-s2.0-84991218068&doi=10.5370%2fJEET.2016.11.6.1754&partnerID=40&md5=4144a64bf278a44fb6bddf596e0f445c","Finite different method; Moisture content; Monopole antenna; Oil palm fruit","Antennas; Dielectric properties; Electromagnetic fields; Finite difference method; Fruits; Microwave antennas; Moisture; Moisture determination; Palm oil; Reflection; Complex reflection coefficient; Finite different methods; Finite-difference analysis; Induced EMF method; Moisture detection; Oil palm fruits; Outer diameters; Reflection measurements; Monopole antennas"
"Leitner R., Krivec M., Maier D., Waldner R., Überall F.","Metal oxide based smart electronic nose resilient to air humidity changes",2017,"International Conference and Exhibition on Integration Issues of Miniaturized Systems 2017, SSI 2017",,,,"226","232",,,,"https://www.scopus.com/inward/record.uri?eid=2-s2.0-85032275503&partnerID=40&md5=e2014d8afe687322a7314b50c234e3db",,"Cost effectiveness; Electronic equipment; Ethylene; Fruits; Metallic compounds; Metals; Volatile organic compounds; Water vapor; Integration; Consumer applications; Ethylene measurements; Metal oxide (MOX) sensors; Relative air humidities; Sensitive detector; Transport industry; Validation measurements; Volatile compounds; Electronic nose"
"Masura S.S., Tahir N.I., Rasid O.A., Ramli U.S., Othman A., Masani M.Y.A., Parveez G.K.A., Kushairi A.","Post-genomic technologies for the advancement of oil palm research",2017,"Journal of Oil Palm Research","29","4",,"469","486",,14,"10.21894/jopr.2017.00013","https://www.scopus.com/inward/record.uri?eid=2-s2.0-85040596432&doi=10.21894%2fjopr.2017.00013&partnerID=40&md5=458e5c1f13d655d34fd473943c83b2bb","Genetic engineering; Omics research; Post-genomics technologies",
"Chan Y.-K., Chung B.-K., Chuah H.-T.","Transmitter and receiver design of an experimental airborne synthetic aperture radar sensor",2004,"Progress in Electromagnetics Research","49",,,"203","218",,27,"10.2528/PIER04031601","https://www.scopus.com/inward/record.uri?eid=2-s2.0-34147163185&doi=10.2528%2fPIER04031601&partnerID=40&md5=e65df6faab1af2263f0053400894e241",,"Airborne synthetic aperture radars; Design and Development; Dihedral corner reflector; External calibration; Monitoring and management; Oil palm plantations; Single polarization; Transmitter and receiver; Palm oil; Radar antennas; Radar cross section; Radar equipment; Radar target recognition; Sensors; Transmitters; Synthetic aperture radar"
"Agusta H., Nisya F.N., Handoyo G.C., Santoso N., Risdiyanto I., Wawan, Krisantini","Extending wire method for field assessment of surface peat thickness loss due to peat fire incidence in oil palm plantations",2018,"IOP Conference Series: Earth and Environmental Science","209","1","012052","","",,,"10.1088/1755-1315/209/1/012052","https://www.scopus.com/inward/record.uri?eid=2-s2.0-85059532208&doi=10.1088%2f1755-1315%2f209%2f1%2f012052&partnerID=40&md5=1b5962cb45fcf6c1de0f91cab013fa8b","carbon stock; fire distribution pattern; peat fire; peat loss; wire method","Fires; Oil field development; Peat; Carbon stocks; Field assessment; Fire distribution; Oil palm plantations; Peat loss; Peat thickness; research methods; Surface thickness; Palm oil"
"Fadchar N.A., Cruz J.C.D.","A Non-Destructive Approach of Young Coconut Maturity Detection using Acoustic Vibration and Neural Network",2020,"Proceedings - 2020 16th IEEE International Colloquium on Signal Processing and its Applications, CSPA 2020",,,"9068723","136","140",,2,"10.1109/CSPA48992.2020.9068723","https://www.scopus.com/inward/record.uri?eid=2-s2.0-85084312387&doi=10.1109%2fCSPA48992.2020.9068723&partnerID=40&md5=acbbc3339e0a48b7778583ce82a9367b","acoustic vibration; coconut; machine learning; maturity classification; sound signature","Predictive analytics; Signal processing; Support vector machines; Acoustic response; Acoustic vibration; Classification system; Industry standards; Prediction model; Scientific method; Sound vibrations; Vibration sensors; Neural networks"
"Culman M., de Farias C.M., Bayona C., Cabrera Cruz J.D.","Using agrometeorological data to assist irrigation management in oil palm crops: A decision support method and results from crop model simulation",2019,"Agricultural Water Management","213",,,"1047","1062",,10,"10.1016/j.agwat.2018.09.052","https://www.scopus.com/inward/record.uri?eid=2-s2.0-85059313546&doi=10.1016%2fj.agwat.2018.09.052&partnerID=40&md5=71f2e2245ea26783a90072bd0fece4da","Data fusion; Decision making; Irrigation management; Oil palm; Site-specific agriculture; Wireless Sensor Networks","Artificial intelligence; Crops; Data fusion; Decision support systems; Hydrostatic pressure; Irrigation; Knowledge based systems; Palm oil; Plants (botany); Sensor data fusion; Soil moisture; Soil surveys; Water management; Wireless sensor networks; Agricultural production system; Agro-ecological conditions; Agro-meteorological data; Data fusion technique; Irrigation management; Oil palm; Site-specific; Vapor pressure deficit; Decision making; agricultural intensification; agricultural management; agricultural modeling; agroecology; agrometeorology; data set; decision making; decision support system; evergreen tree; irrigation; management practice; network analysis; simulation; water management; water stress; water use; Castalia; Elaeis"
"Mansor S.A., Sarker M.L.R.","Remote sensing technique for estimating the age of oil palm using high resolution image",2015,"ACRS 2015 - 36th Asian Conference on Remote Sensing: Fostering Resilient Growth in Asia, Proceedings",,,,"","",,1,,"https://www.scopus.com/inward/record.uri?eid=2-s2.0-84964034056&partnerID=40&md5=ce16c9ea16a896a89b63956015fe55f6","ANN; MLC; Oil palm age; Texture measurement; Worldview-2","Classification (of information); Complex networks; Data mining; Image processing; Maximum likelihood; Maximum likelihood estimation; Neural networks; Remote sensing; Classification algorithm; High resolution satellite data; Image processing technique; Maximum likelihood classifiers; Oil palm; Remote sensing techniques; Texture measurement; Worldview-2; Palm oil"
"Bro P.B., Gaete-Eastman C., Balbontín C., Herrera R., Fernández M., Muñoz R., Moya-León M.A.","Use of time-frequency analysis for determination of firmness in mountain papaya fruit",2007,"International Conference on Integrated Modeling and Analysis in Applied Control and Automation",,,,"284","289",,,,"https://www.scopus.com/inward/record.uri?eid=2-s2.0-84896954428&partnerID=40&md5=d9d9a377501f4a003803c6c952917852",,
"Luyindula N., Mantantu N., Dumortier F., Corley R.H.V.","Effects of inbreeding on growth and yield of oil palm:Inbreeding of oil palm: Inbreeding of oil palm",2005,"Euphytica","143","1-2",,"9","17",,8,"10.1007/s10681-005-6735-1","https://www.scopus.com/inward/record.uri?eid=2-s2.0-23944458329&doi=10.1007%2fs10681-005-6735-1&partnerID=40&md5=34574a93dd598172c5085d7e41c66f87","Elaeis guineensis; Inbreeding; Oil palm; Vegetative growth; Yield components","Elaeis; Elaeis guineensis"
"Pohl C., Kanniah K.D., Loong C.K.","Monitoring oil palm plantations in Malaysia",2016,"International Geoscience and Remote Sensing Symposium (IGARSS)","2016-November",,"7729660","2556","2559",,8,"10.1109/IGARSS.2016.7729660","https://www.scopus.com/inward/record.uri?eid=2-s2.0-85007489112&doi=10.1109%2fIGARSS.2016.7729660&partnerID=40&md5=ab72e7ea1fcaf2fcfec0172028a5f525","data fusion; GIS; Palm oil; remote sensing",
"Tomita A.","Monitoring the historical development of oil palm plantations with combined use of Landsat time series, multitemporal Google earth images and ALOS-2/PALSAR-2",2019,"International Geoscience and Remote Sensing Symposium (IGARSS)","2019-July",,"8900210","5984","5987",,1,"10.1109/IGARSS.2019.8900210","https://www.scopus.com/inward/record.uri?eid=2-s2.0-85092913309&doi=10.1109%2fIGARSS.2019.8900210&partnerID=40&md5=2f635624cb235a03cd02c6d5d53315e9","ALOS-2/PALSAR-2; Land-use and land-cover change (LUCC); Landsat time series; Multitemporal Google Earth images; Oil palm plantation","Land use; Remote sensing; Tropics; Historical development; Land use and land cover change; Landsat time series; Oil palm plantations; Remote sensing techniques; Robust monitoring; Spatial resolution; Spatiotemporal analysis; Palm oil"
